{"feature_columns": ["sma_5_ratio", "ema_5_ratio", "sma_10_ratio", "ema_10_ratio", "sma_20_ratio", "ema_20_ratio", "sma_50_ratio", "ema_50_ratio", "sma_200_ratio", "ema_200_ratio", "rsi", "macd", "macd_signal", "macd_histogram", "bb_width", "bb_position", "volume_ratio", "volume_trend", "obv_roc", "roc_5", "roc_10", "roc_20", "atr", "returns", "log_returns", "hl_range", "dist_from_high", "dist_from_low"], "feature_mean": [0.0010581581317481797, 0.0009735059239293668, 0.0025112314152428822, 0.002310146878510462, 0.005435782378394338, 0.004995294078694194, 0.013842304760033824, 0.0126505392373576, 0.04955040478744085, 0.04448728024412662, 54.06239642490342, 0.2928063344358406, 0.2904029058980177, 0.00240342853782291, 0.10374167316799406, 0.5623300010491652, 0.9990915318686413, 0.007629349260879339, 0.03585523972052693, 0.3226437366137529, 0.6642741238954416, 1.333113059547447, 2.0915275072333404, 0.000617943556724575, 0.0004865665913833896, 0.019282140627402862, 0.04745643491874541, 0.059308085519902194], "feature_std": [0.017632024916683857, 0.014398362225468725, 0.027021423172707344, 0.02262747840440069, 0.03895218647087475, 0.032839149794923014, 0.05914380663053983, 0.050616141618919586, 0.11279561603195276, 0.09621142050426851, 16.793859175834886, 1.6942166927961944, 1.5731334727382056, 0.5590842593443658, 0.059850961629892833, 0.32326281914113447, 0.6675699812408818, 0.18767952711292055, 0.7772316481084884, 3.58889481006496, 5.028248412584876, 6.925487405641928, 0.74828120791358, 0.016194539814303792, 0.01620859105918444, 0.011447605466726933, 0.05027684715877388, 0.041693311654672605], "sequence_length": 20, "input_dim": 28}