{"feature_columns": ["rsi", "macd_histogram", "momentum_10", "returns", "atr", "bb_position", "volume_ratio", "adx_14"], "feature_mean": [52.71413454670721, 0.00045366762559894005, 0.07680048279215022, 0.011285894338651178, 1.5566314119771105, 0.5114888556401105, 1.0120256940129813, 21.678388453472255], "feature_std": [16.590655499400437, 0.4137655897261932, 3.609691633421547, 1.2467965102189988, 0.6021183462807209, 0.3270640797279958, 0.3235019565069029, 7.42154702869533], "sequence_length": 30, "input_dim": 8, "prediction_horizons": [5, 10, 20], "walk_forward": true, "num_windows": 8}