{"feature_columns": ["sma_5", "ema_5", "sma_10", "ema_10", "sma_20", "ema_20", "sma_50", "ema_50", "sma_200", "ema_200", "rsi", "macd", "macd_signal", "macd_histogram", "bb_middle", "bb_upper", "bb_lower", "bb_width", "bb_position", "volume_sma_20", "volume_ratio", "obv", "roc_5", "roc_10", "roc_20", "atr", "returns", "log_returns", "hl_range", "dist_from_high", "dist_from_low"], "feature_mean": [219.82318524355227, 219.81754406987292, 219.36766057892132, 219.36481633429867, 218.44636275492311, 218.48045241623154, 215.9337206973342, 216.12892667425407, 206.53420529722038, 206.9443418484615, 54.75733634546825, 1.2086214340551524, 1.1818122431632714, 0.02680919089188089, 218.44636275492311, 230.10524397770214, 206.78748153214408, 0.1074678529969815, 0.5662477376321036, 3367638.7128557875, 1.0051430097159264, 45035389.119544595, 0.43846316823945786, 0.9032088633209217, 1.8010992651962676, 4.620180935578368, 0.000842365101638458, 0.0007155652760496666, 0.019823876160583086, 0.04685143620215992, 0.06402884492071372], "feature_std": [57.35694354325422, 57.3028298844594, 57.04374778446654, 56.934633503195414, 56.34842442702784, 56.205954506151784, 54.537312809490196, 54.62396511476159, 51.22683744862367, 50.11228592990359, 17.737661684815418, 3.894729113896206, 3.6352866344802277, 1.2241368031388125, 56.34842442702784, 59.63754926509653, 53.62525566514181, 0.05250358300365103, 0.3265131617077342, 815995.8225502372, 0.4353212065628419, 78342406.07011524, 3.4918206900505195, 4.99597459563699, 6.989993601765143, 1.5882715543053418, 0.015911397838110554, 0.01590617709936499, 0.010605227777745252, 0.04790383887280152, 0.041389986646648246], "sequence_length": 20, "input_dim": 31}