{"feature_columns": ["rsi", "macd_histogram", "momentum_10", "returns", "atr", "bb_position", "volume_ratio", "adx_14"], "feature_mean": [46.98067520619312, 0.011703991016771246, -1.1449225697951422, -0.1065638274113442, 2.38494467666737, 0.4384912135220046, 1.0, 24.283288710601134], "feature_std": [14.977162487737504, 0.6314692295006021, 5.289347633388851, 2.080123020493177, 1.3663119500854182, 0.31149121217145437, 1e-08, 9.84779285308116], "sequence_length": 30, "input_dim": 8, "prediction_horizons": [5, 10, 20], "walk_forward": true, "num_windows": 287}