{"feature_columns": ["sma_5_ratio", "ema_5_ratio", "sma_10_ratio", "ema_10_ratio", "sma_20_ratio", "ema_20_ratio", "sma_50_ratio", "ema_50_ratio", "sma_200_ratio", "ema_200_ratio", "rsi", "macd", "macd_signal", "macd_histogram", "bb_width", "bb_position", "volume_ratio", "volume_trend", "obv_roc", "roc_5", "roc_10", "roc_20", "atr", "returns", "log_returns", "hl_range", "dist_from_high", "dist_from_low"], "feature_mean": [0.0010581581402938182, 0.0009735059299821465, 0.0025112314168655677, 0.002310146878132328, 0.005435782340675233, 0.004995294064180008, 0.013842304715518932, 0.01265053920627594, 0.049550404688708506, 0.044487280410782204, 54.06239480780415, 0.29280633400887307, 0.2904029058463298, 0.002403428162543312, 0.10374167257138825, 0.5623300005712519, 0.9990915318686413, 0.007629349260879339, 0.03585523972052693, 0.32264373589222445, 0.6642741153398956, 1.3331130501077315, 2.0915275330129193, 0.0006179435997849582, 0.0004865666108576468, 0.019282140627402862, 0.04745643630445585, 0.059308086498919194], "feature_std": [0.017632024948676425, 0.014398362313800423, 0.027021423078808515, 0.02262747833207723, 0.03895218599752667, 0.03283914958307904, 0.05914380636826799, 0.05061614142399534, 0.11279561610421221, 0.09621142038988292, 16.793858264813792, 1.6942166778432042, 1.5731334608790215, 0.5590842500178362, 0.05985096053871647, 0.3232628155699832, 0.6675699812408818, 0.18767952711292055, 0.7772316481084884, 3.588894802746014, 5.0282483837804985, 6.925487333445603, 0.7482812012573157, 0.01619454132824425, 0.016208592487813308, 0.011447605466726933, 0.05027684633124115, 0.04169331013272213], "sequence_length": 20, "input_dim": 28, "walk_forward": true, "num_windows": 180}