{"feature_columns": ["sma_5_ratio", "ema_5_ratio", "sma_10_ratio", "ema_10_ratio", "sma_20_ratio", "ema_20_ratio", "sma_50_ratio", "ema_50_ratio", "sma_200_ratio", "ema_200_ratio", "rsi", "macd", "macd_signal", "macd_histogram", "bb_width", "bb_position", "volume_ratio", "volume_trend", "obv_roc", "roc_5", "roc_10", "roc_20", "atr", "returns", "log_returns", "hl_range", "dist_from_high", "dist_from_low"], "feature_mean": [0.0009034662131725676, 0.0008713358786623937, 0.002252719541490772, 0.0021435079347730175, 0.005088160937977208, 0.004806469259721537, 0.01355874774541793, 0.012361714588196033, 0.046187717573029835, 0.04293595387799026, 54.26333854736968, 0.3104154793492346, 0.31202319541693463, -0.0016077160677000484, 0.09010668718372697, 0.5574982639281519, 0.9604316142344493, 0.05397651859738834, 0.056274954935631366, 0.2774996113569834, 0.5948560677740165, 1.2601572468089544, 1.814728414260039, 0.0005067599711943428, 0.0004112720280964233, 0.01656041594119694, 0.039635676140660304, 0.053454437880585653], "feature_std": [0.014970287699964205, 0.01228428458581814, 0.02305099424399158, 0.019457470310422602, 0.0338282658264716, 0.02841258428934781, 0.051188251026030106, 0.043521016318697724, 0.09092528273245601, 0.07871641896196604, 17.109142949189398, 1.4779292759993516, 1.3684833444564286, 0.4912057797105961, 0.050868434379564786, 0.32618501840823433, 1.237141392977089, 0.37734546971283367, 1.1655658995428164, 3.0425832227533522, 4.332468690400472, 6.044901016015773, 0.7141980081328968, 0.013813365683218597, 0.013813043242811103, 0.01004301350104715, 0.042803978250009554, 0.037832634859728584], "sequence_length": 20, "input_dim": 28, "walk_forward": true, "num_windows": 15}