{
  "feature_columns": [
    "sma_5_ratio",
    "ema_5_ratio",
    "sma_10_ratio",
    "ema_10_ratio",
    "sma_20_ratio",
    "ema_20_ratio",
    "sma_50_ratio",
    "ema_50_ratio",
    "sma_200_ratio",
    "ema_200_ratio",
    "rsi",
    "macd",
    "macd_signal",
    "macd_histogram",
    "bb_width",
    "bb_position",
    "volume_ratio",
    "volume_trend",
    "obv_roc",
    "roc_5",
    "roc_10",
    "roc_20",
    "atr",
    "returns",
    "log_returns",
    "hl_range",
    "dist_from_high",
    "dist_from_low",
    "adx_14",
    "vol_regime",
    "omxs30_corr",
    "usdsek_ret",
    "eursek_ret",
    "day_of_week",
    "month",
    "is_month_end",
    "is_quarter_end"
  ],
  "feature_mean": [
    0.0008883152084757659,
    0.0007812760444404587,
    0.0020854931196649567,
    0.0018495608950262624,
    0.004492323766428729,
    0.004005141155104038,
    0.011468532799722193,
    0.010413537238024458,
    0.04559781363092606,
    0.0416824254077682,
    53.156442425339165,
    0.20739672859072714,
    0.20702668121996673,
    0.0003700473707604493,
    0.10699629474563901,
    0.5519315276241106,
    0.991333153160855,
    0.014653374255720029,
    0.013544067095053078,
    0.2827536803674967,
    0.5766266269781746,
    1.1445222929080203,
    2.1214370461411143,
    0.0005610743035545584,
    0.0004139257991557186,
    0.019517527868104192,
    0.050058507249546864,
    0.05859105113375115,
    24.317855895859182,
    0.5037308604803715,
    0.6939496343807786,
    0.000042669579364557165,
    0.00005744814628927609,
    0.49937429235444847,
    0.5013245499509726,
    0.04785173708360646,
    0.015434121923604075
  ],
  "feature_std": [
    0.01866725633377996,
    0.015302275846599255,
    0.028756142598426633,
    0.02418694435486627,
    0.041821717911667285,
    0.03523570086198984,
    0.06326259069835423,
    0.05396770545291834,
    0.11742056240769867,
    0.10069576553594374,
    17.207969714285934,
    1.9017710864420327,
    1.7691549709105756,
    0.624769772672525,
    0.07010628831446841,
    0.3247401160513143,
    0.7506128708980045,
    0.2241552326527665,
    0.5828293426043907,
    3.804769264871593,
    5.360651702124032,
    7.387867993851129,
    0.9004718353854126,
    0.017141525540711477,
    0.017158027711048834,
    0.012134303510939068,
    0.05903672188699672,
    0.043725343311898375,
    9.714426708539516,
    0.30933287979646584,
    0.2304524393923897,
    0.006552441148357717,
    0.004001174079902673,
    0.3517786239020382,
    0.3116372182592378,
    0.21345245983763453,
    0.12327170100832274
  ],
  "sequence_length": 20,
  "input_dim": 37,
  "interval": "1d",
  "training_fetch_date": "2026-03-15",
  "holdout_start_date": "2025-03-25",
  "buy_threshold": 0.015,
  "sell_threshold": -0.015
}