{"feature_columns": ["sma_5_ratio", "ema_5_ratio", "sma_10_ratio", "ema_10_ratio", "sma_20_ratio", "ema_20_ratio", "sma_50_ratio", "ema_50_ratio", "sma_200_ratio", "ema_200_ratio", "rsi", "macd", "macd_signal", "macd_histogram", "bb_width", "bb_position", "volume_ratio", "volume_trend", "obv_roc", "roc_5", "roc_10", "roc_20", "atr", "returns", "log_returns", "hl_range", "dist_from_high", "dist_from_low"], "feature_mean": [0.0010581581649241835, 0.000973505944007807, 0.0025112314270466294, 0.0023101468912131284, 0.005435782345597009, 0.004995294079777455, 0.013842304758100424, 0.012650539233274917, 0.04955040466919557, 0.04448728025792167, 54.06239473874605, 0.29280633536564354, 0.2904029075631286, 0.002403427802514933, 0.10374167137575167, 0.5623299963749346, 0.9990915318686413, 0.007629349260879339, 0.03585523972052693, 0.3226437383850534, 0.6642741082866959, 1.3331130546612386, 2.0915275241194244, 0.0006179435734796308, 0.0004865666057367592, 0.019282140627402862, 0.047456435115516546, 0.059308087949449875], "feature_std": [0.017632024769960383, 0.014398362125438225, 0.02702142287384085, 0.02262747815154145, 0.03895218586983161, 0.032839149385851356, 0.05914380600158999, 0.0506161411238626, 0.11279561542126819, 0.0962114201181725, 16.79385886937694, 1.6942166710482918, 1.5731334543477848, 0.5590842493730284, 0.05985096176892049, 0.3232628201518934, 0.6675699812408818, 0.18767952711292055, 0.7772316481084884, 3.588894755567371, 5.028248322950148, 6.925487318479775, 0.7482812233752666, 0.016194539935943646, 0.016208591221054825, 0.011447605466726931, 0.05027684818451133, 0.04169331135848397], "sequence_length": 20, "input_dim": 28}