{
  "feature_columns": [
    "sma_5_ratio",
    "ema_5_ratio",
    "sma_10_ratio",
    "ema_10_ratio",
    "sma_20_ratio",
    "ema_20_ratio",
    "sma_50_ratio",
    "ema_50_ratio",
    "sma_200_ratio",
    "ema_200_ratio",
    "rsi",
    "macd",
    "macd_signal",
    "macd_histogram",
    "bb_width",
    "bb_position",
    "volume_ratio",
    "volume_trend",
    "obv_roc",
    "roc_5",
    "roc_10",
    "roc_20",
    "atr",
    "returns",
    "log_returns",
    "hl_range",
    "dist_from_high",
    "dist_from_low",
    "adx_14",
    "vol_regime",
    "omxs30_corr",
    "usdsek_ret",
    "eursek_ret",
    "day_of_week",
    "month",
    "is_month_end",
    "is_quarter_end"
  ],
  "feature_mean": [
    0.0001063919045472973,
    0.00009357200183072263,
    0.0002332083867318496,
    0.00021252968538397547,
    0.0004969446034068692,
    0.00046647003380497246,
    0.0013889102187790664,
    0.001317361530055301,
    0.006502440649834971,
    0.005924473941989193,
    51.73359200641849,
    0.026238040264958504,
    0.027324373279490277,
    -0.0010863330145317713,
    0.031812551666731734,
    0.5283616336339638,
    0.954378968654361,
    0.00004192435242497385,
    0.014665243102268334,
    0.031117528188878113,
    0.060703249533275674,
    0.12789087933156065,
    0.5803313316496603,
    0.00006972145496244573,
    0.00005558917698330792,
    0.005481709317867702,
    0.015602740707432025,
    0.01666280675222949,
    28.26495481818182,
    0.49810837745215997,
    0.6357400926009167,
    -0.000042862450655301105,
    -0.000024077178900835447,
    0.4948440995525727,
    0.521097086638194,
    0.005662751677852349,
    0.0017128076062639822
  ],
  "feature_std": [
    0.005762581992417207,
    0.004728649553827847,
    0.00893558687607568,
    0.0075536725013270615,
    0.01320322538167227,
    0.01136725382968732,
    0.021750248840711164,
    0.018534932115674238,
    0.04071710429313803,
    0.034920325282191036,
    18.5723303702361,
    0.6238040426313128,
    0.5893855039149938,
    0.18035108796873664,
    0.023641003289180146,
    0.329128542516857,
    1.2644006236990017,
    0.21630382700472292,
    0.7269460275956751,
    1.1818418801019568,
    1.6762808738627393,
    2.3834705651877583,
    0.2547632683620096,
    0.00531482752890843,
    0.0053176080027450955,
    0.003980685021937084,
    0.01718271091374191,
    0.014281327669485889,
    11.161763667164186,
    0.3014227384310093,
    0.27603386376368505,
    0.002166892377208887,
    0.001317254722566927,
    0.35548788177821405,
    0.31238515115821647,
    0.0750378999042832,
    0.04135063147499003
  ],
  "sequence_length": 140,
  "input_dim": 37,
  "interval": "1h",
  "training_fetch_date": "2026-03-15",
  "holdout_start_date": "2025-11-24"
}